[{"Material": "BaTiO3 (La-doped)", "SG": "P4mm", "PG": "4mm", "Structure-Type": "perovskite", "Tc": "Yes", "Tsc": "", "TM": "", "Subclass": "DDF", "Reference (DOI)": "10.1038/s41598-017-04635-3"}, {"Material": "BaTiO3-d", "SG": "P4mm", "PG": "4mm", "Structure-Type": "perovskite", "Tc": "Yes", "Tsc": "", "TM": "", "Subclass": "DDF", "Reference (DOI)": "10.1103/PhysRevLett.104.147602"}, {"Material": "PbTiO3-d", "SG": "P4mm", "PG": "4mm", "Structure-Type": "perovskite", "Tc": "P", "Tsc": "", "TM": "", "Subclass": "EPM", "Reference (DOI)": "10.1103/PhysRevB.94.224107"}, {"Material": "PbTi(1-x)NbxO3", "SG": "P4mm", "PG": "4mm", "Structure-Type": "perovskite", "Tc": "", "Tsc": "", "TM": "", "Subclass": "EPM", "Reference (DOI)": "10.1103/PhysRevB.96.165206"}, {"Material": "BiFeO3-d", "SG": "R3c", "PG": "3m", "Structure-Type": "perovskite", "Tc": "P", "Tsc": "", "TM": "Yes", "Subclass": "EPM", "Reference (DOI)": "10.1103/PhysRevB.93.174110"}, {"Material": "Sr(1-x)CaxTiO3-d", "SG": "P4mm", "PG": "4mm", "Structure-Type": "perovskite", "Tc": "Yes", "Tsc": "Yes", "TM": "", "Subclass": "DPM", "Reference (DOI)": "10.1038/NPHYS4085"}, {"Material": "BaMnO3 (n-doped)", "SG": "Amm2", "PG": "mm2", "Structure-Type": "perovskite", "Tc": "P", "Tsc": "", "TM": "", "Subclass": "EPM", "Reference (DOI)": "10.1103/PhysRevB.97.054107"}, {"Material": "BiAlO3 (n-doped)", "SG": "P4mm", "PG": "4mm", "Structure-Type": "perovskite", "Tc": "P", "Tsc": "", "TM": "", "Subclass": "EPM", "Reference (DOI)": "10.1103/PhysRevB.97.054107"}, {"Material": "BaTiO3/SrTiO3/LaTiO3", "SG": "mm4*", "PG": "4mm", "Structure-Type": "perovskite", "Tc": "", "Tsc": "", "TM": "", "Subclass": "IPM", "Reference (DOI)": "10.1038/s41467-018-03964-9"}, {"Material": "LaAlO3/Ba0.2Sr0.8TiO3/SrTiO3", "SG": "unknown", "PG": "unknown", "Structure-Type": "perovskite", "Tc": "", "Tsc": "", "TM": "", "Subclass": "IPM", "Reference (DOI)": "10.1038/s42005-019-0227-4"}, {"Material": "LaFeO3/YFeO3 (n-doped)", "SG": "Pmc2_1", "PG": "mm2", "Structure-Type": "perovskite", "Tc": "P", "Tsc": "", "TM": "", "Subclass": "IPM", "Reference (DOI)": "10.1103/PhysRevB.97.054107"}, {"Material": "NdNiO3 on (111) LaAlO3", "SG": "Pc", "PG": "m", "Structure-Type": "perovskite", "Tc": "", "Tsc": "", "TM": "", "Subclass": "PM", "Reference (DOI)": "10.1038/nature17628"}, {"Material": "LaNiO3 on (111) LaAlO3", "SG": "Pc", "PG": "m", "Structure-Type": "perovskite", "Tc": "", "Tsc": "", "TM": "", "Subclass": "PM", "Reference (DOI)": "10.1038/nature17628"}, {"Material": "LiOsO3", "SG": "R3c", "PG": "3m", "Structure-Type": "LiNbO3-type", "Tc": "Yes", "Tsc": "", "TM": "", "Subclass": "DPM", "Reference (DOI)": "10.1038/NMAT3754"}, {"Material": "LiNbO3 (n-doped)", "SG": "R3c", "PG": "3m", "Structure-Type": "LiNbO3-type", "Tc": "P", "Tsc": "", "TM": "", "Subclass": "DDF", "Reference (DOI)": "10.1103/PhysRevMaterials.3.054405"}, {"Material": "MgReO3", "SG": "R3c", "PG": "3m", "Structure-Type": "LiNbO3-type", "Tc": "P", "Tsc": "", "TM": "", "Subclass": "PM", "Reference (DOI)": "10.1103/PhysRevB.90.094108"}, {"Material": "TiGaO3", "SG": "R3c", "PG": "3m", "Structure-Type": "LiNbO3-type", "Tc": "P", "Tsc": "", "TM": "", "Subclass": "PM", "Reference (DOI)": "10.1103/PhysRevB.90.094108"}, {"Material": "Ca3Ru2O7", "SG": "Bb2_1m", "PG": "mm2", "Structure-Type": "Ruddlesden-Popper", "Tc": "", "Tsc": "", "TM": "Yes", "Subclass": "PM", "Reference (DOI)": "10.1021/acs.nanolett.8b00633"}, {"Material": "(Sr,Ca)Ru2O6", "SG": "Pmc2_1", "PG": "mm2", "Structure-Type": "perovskite", "Tc": "P", "Tsc": "", "TM": "Yes", "Subclass": "PM", "Reference (DOI)": "10.1088/0953-8984/26/26/265501"}, {"Material": "Bi5Ti5O17", "SG": "Pm2_1n", "PG": "mm2", "Structure-Type": "layered perovskite", "Tc": "P", "Tsc": "", "TM": "", "Subclass": "APM", "Reference (DOI)": "10.1038/ncomms11211"}, {"Material": "BiPbTi2O6", "SG": "Pmm2", "PG": "mm2", "Structure-Type": "post-perovskite", "Tc": "P", "Tsc": "", "TM": "", "Subclass": "PM", "Reference (DOI)": "10.1038/s43246-019-0005-6"}, {"Material": "La2Ti2O7 (n-doped)", "SG": "P2_1", "PG": "2", "Structure-Type": "layered perovskite", "Tc": "P", "Tsc": "", "TM": "", "Subclass": "EPM", "Reference (DOI)": "10.1103/PhysRevB.97.054107"}, {"Material": "Sr2Nb2O7 (n-doped)", "SG": "Cmc2_1", "PG": "mm2", "Structure-Type": "layered perovskite", "Tc": "P", "Tsc": "", "TM": "", "Subclass": "EPM", "Reference (DOI)": "10.1103/PhysRevB.97.054107"}, {"Material": "MgCNi3", "SG": "P4mm", "PG": "4mm", "Structure-Type": "BaNiSn3-type", "Tc": "P", "Tsc": "", "TM": "", "Subclass": "PM", "Reference (DOI)": "10.1103/PhysRevMaterials.2.125004"}, {"Material": "ZnCNi3", "SG": "P4mm", "PG": "4mm", "Structure-Type": "BaNiSn3-type", "Tc": "P", "Tsc": "", "TM": "", "Subclass": "PM", "Reference (DOI)": "10.1103/PhysRevMaterials.2.125004"}, {"Material": "CdCNi3", "SG": "P4mm", "PG": "4mm", "Structure-Type": "BaNiSn3-type", "Tc": "P", "Tsc": "", "TM": "", "Subclass": "PM", "Reference (DOI)": "10.1103/PhysRevMaterials.2.125004"}, {"Material": "CeSiPt3", "SG": "P4mm", "PG": "4mm", "Structure-Type": "antiperovskite", "Tc": "", "Tsc": "Yes", "TM": "Yes", "Subclass": "PM", "Reference (DOI)": "10.1103/PhysRevLett.92.027003"}, {"Material": "LiGaGe", "SG": "P6_3mc", "PG": "6mm", "Structure-Type": "LiGaGe-type", "Tc": "", "Tsc": "", "TM": "", "Subclass": "PM", "Reference (DOI)": "10.1103/PhysRevB.99.195154"}, {"Material": "SrHgPb", "SG": "P6_3mc", "PG": "6mm", "Structure-Type": "LiGaGe-type", "Tc": "P", "Tsc": "", "TM": "", "Subclass": "PM", "Reference (DOI)": "10.1103/PhysRevLett.121.106404"}, {"Material": "SrHgSn", "SG": "P6_3mc", "PG": "6mm", "Structure-Type": "LiGaGe-type", "Tc": "P", "Tsc": "", "TM": "", "Subclass": "PM", "Reference (DOI)": "10.1103/PhysRevLett.121.106404"}, {"Material": "CaHgSn", "SG": "P6_3mc", "PG": "6mm", "Structure-Type": "LiGaGe-type", "Tc": "P", "Tsc": "", "TM": "", "Subclass": "PM", "Reference (DOI)": "10.1103/PhysRevLett.121.106404"}, {"Material": "KMgSb0.2Bi0.8", "SG": "P6_3mc", "PG": "6mm", "Structure-Type": "LiGaGe-type", "Tc": "P", "Tsc": "", "TM": "", "Subclass": "PM", "Reference (DOI)": "10.1103/PhysRevLett.117.076401"}, {"Material": "CaAgBi", "SG": "P6_3mc", "PG": "6mm", "Structure-Type": "LiGaGe-type", "Tc": "P", "Tsc": "", "TM": "", "Subclass": "PM", "Reference (DOI)": "10.1103/PhysRevMaterials.1.044201"}, {"Material": "LiZnBi", "SG": "P6_3mc", "PG": "6mm", "Structure-Type": "LiGaGe-type", "Tc": "P", "Tsc": "", "TM": "", "Subclass": "PM", "Reference (DOI)": "10.1103/PhysRevB.96.115203"}, {"Material": "LaAuGe", "SG": "P6_3mc", "PG": "6mm", "Structure-Type": "LiGaGe-type", "Tc": "", "Tsc": "", "TM": "", "Subclass": "PM", "Reference (DOI)": "10.1063/1.5132339"}, {"Material": "LaPtSb", "SG": "P6_3mc", "PG": "6mm", "Structure-Type": "LiGaGe-type", "Tc": "", "Tsc": "", "TM": "", "Subclass": "PM", "Reference (DOI)": "10.1063/1.5132339"}, {"Material": "WTe2", "SG": "Pnm2_1", "PG": "mm2", "Structure-Type": "2D", "Tc": "Yes", "Tsc": "Yes", "TM": "", "Subclass": "APM", "Reference (DOI)": "10.1038/s41586-018-0336-3"}, {"Material": "MoTe2", "SG": "Pnm2_1", "PG": "mm2", "Structure-Type": "2D", "Tc": "Yes", "Tsc": "", "TM": "", "Subclass": "PM", "Reference (DOI)": "10.1126/sciadv.1601378"}, {"Material": "CrN", "SG": "6mm*", "PG": "6mm", "Structure-Type": "2D", "Tc": "", "Tsc": "", "TM": "Yes", "Subclass": "APM", "Reference (DOI)": "10.1103/PhysRevB.96.235415"}, {"Material": "CrB2", "SG": "6mm*", "PG": "6mm", "Structure-Type": "2D", "Tc": "P", "Tsc": "", "TM": "Yes", "Subclass": "APM", "Reference (DOI)": "10.1103/PhysRevB.96.235415"}, {"Material": "FeB2", "SG": "6mm*", "PG": "6mm", "Structure-Type": "2D", "Tc": "", "Tsc": "", "TM": "", "Subclass": "APM", "Reference (DOI)": "10.1021/acs.nanolett.6b02335"}, {"Material": "P", "SG": "P6_3mc", "PG": "6mm", "Structure-Type": "\u03b1-La-like", "Tc": "P", "Tsc": "", "TM": "", "Subclass": "PM", "Reference (DOI)": "10.1088/1361-648X/aadeaa"}, {"Material": "As", "SG": "P6_3mc", "PG": "6mm", "Structure-Type": "\u03b1-La-like", "Tc": "P", "Tsc": "", "TM": "", "Subclass": "PM", "Reference (DOI)": "10.1088/1361-648X/aadeaa"}, {"Material": "Sb", "SG": "P6_3mc", "PG": "6mm", "Structure-Type": "\u03b1-La-like", "Tc": "P", "Tsc": "", "TM": "", "Subclass": "PM", "Reference (DOI)": "10.1088/1361-648X/aadeaa"}, {"Material": "Bi", "SG": "P6_3mc", "PG": "6mm", "Structure-Type": "\u03b1-La-like", "Tc": "P", "Tsc": "", "TM": "", "Subclass": "PM", "Reference (DOI)": "10.1088/1361-648X/aadeaa"}, {"Material": "SnP", "SG": "I4mm", "PG": "4mm", "Structure-Type": "rock salt", "Tc": "Yes", "Tsc": "Yes", "TM": "", "Subclass": "DPM", "Reference (DOI)": "10.1103/PhysRevLett.119.207001"}, {"Material": "PdBi", "SG": "P2_1", "PG": "2", "Structure-Type": "PdBi-type", "Tc": "", "Tsc": "Yes", "TM": "", "Subclass": "PM", "Reference (DOI)": "10.1016/j.phpro.2013.04.062"}, {"Material": "UIr", "SG": "P2_1", "PG": "2", "Structure-Type": "PdBi-type", "Tc": "", "Tsc": "Yes", "TM": "Yes", "Subclass": "PM", "Reference (DOI)": "10.1007/978-3-642-24624-1_2"}, {"Material": "LaNiC2", "SG": "Amm2", "PG": "mm2", "Structure-Type": "CeNiC2-type", "Tc": "", "Tsc": "Yes", "TM": "Yes", "Subclass": "PM", "Reference (DOI)": "10.1016/j.physc.2014.01.008"}, {"Material": "NdRhC2", "SG": "Amm2", "PG": "mm2", "Structure-Type": "CeNiC2-type", "Tc": "", "Tsc": "", "TM": "Yes", "Subclass": "PM", "Reference (DOI)": "10.1021/cm00006a007"}, {"Material": "PrRhC2", "SG": "Amm2", "PG": "mm2", "Structure-Type": "CeNiC2-type", "Tc": "", "Tsc": "", "TM": "Yes", "Subclass": "PM", "Reference (DOI)": "10.1021/cm00006a007"}, {"Material": "LaSr2Cu2GaO7", "SG": "Ima2", "PG": "mm2", "Structure-Type": "LnSr2Cu2GaO7", "Tc": "", "Tsc": "Yes", "TM": "Yes", "Subclass": "PM", "Reference (DOI)": "10.1021/cm00017a032"}, {"Material": "CeSr2Cu2GaO7", "SG": "Ima2", "PG": "mm2", "Structure-Type": "LnSr2Cu2GaO7", "Tc": "", "Tsc": "Yes", "TM": "Yes", "Subclass": "PM", "Reference (DOI)": "10.1021/cm00017a032"}, {"Material": "PrSr2Cu2GaO7", "SG": "Ima2", "PG": "mm2", "Structure-Type": "LnSr2Cu2GaO7", "Tc": "", "Tsc": "Yes", "TM": "Yes", "Subclass": "PM", "Reference (DOI)": "10.1021/cm00017a032"}, {"Material": "NdSr2Cu2GaO7", "SG": "Ima2", "PG": "mm2", "Structure-Type": "LnSr2Cu2GaO7", "Tc": "", "Tsc": "Yes", "TM": "Yes", "Subclass": "PM", "Reference (DOI)": "10.1021/cm00017a032"}, {"Material": "PmSr2Cu2GaO7", "SG": "Ima2", "PG": "mm2", "Structure-Type": "LnSr2Cu2GaO7", "Tc": "", "Tsc": "Yes", "TM": "Yes", "Subclass": "PM", "Reference (DOI)": "10.1021/cm00017a032"}, {"Material": "SmSr2Cu2GaO7", "SG": "Ima2", "PG": "mm2", "Structure-Type": "LnSr2Cu2GaO7", "Tc": "", "Tsc": "Yes", "TM": "Yes", "Subclass": "PM", "Reference (DOI)": "10.1021/cm00017a032"}, {"Material": "EuSr2Cu2GaO7", "SG": "Ima2", "PG": "mm2", "Structure-Type": "LnSr2Cu2GaO7", "Tc": "", "Tsc": "Yes", "TM": "Yes", "Subclass": "PM", "Reference (DOI)": "10.1021/cm00017a032"}, {"Material": "GdSr2Cu2GaO7", "SG": "Ima2", "PG": "mm2", "Structure-Type": "LnSr2Cu2GaO7", "Tc": "", "Tsc": "Yes", "TM": "Yes", "Subclass": "PM", "Reference (DOI)": "10.1021/cm00017a032"}, {"Material": "TbSr2Cu2GaO7", "SG": "Ima2", "PG": "mm2", "Structure-Type": "LnSr2Cu2GaO7", "Tc": "", "Tsc": "Yes", "TM": "Yes", "Subclass": "PM", "Reference (DOI)": "10.1021/cm00017a032"}, {"Material": "DySr2Cu2GaO7", "SG": "Ima2", "PG": "mm2", "Structure-Type": "LnSr2Cu2GaO7", "Tc": "", "Tsc": "Yes", "TM": "Yes", "Subclass": "PM", "Reference (DOI)": "10.1021/cm00017a032"}, {"Material": "HoSr2Cu2GaO7", "SG": "Ima2", "PG": "mm2", "Structure-Type": "LnSr2Cu2GaO7", "Tc": "", "Tsc": "Yes", "TM": "Yes", "Subclass": "PM", "Reference (DOI)": "10.1021/cm00017a032"}, {"Material": "ErSr2Cu2GaO7", "SG": "Ima2", "PG": "mm2", "Structure-Type": "LnSr2Cu2GaO7", "Tc": "", "Tsc": "Yes", "TM": "Yes", "Subclass": "PM", "Reference (DOI)": "10.1021/cm00017a032"}, {"Material": "TmSr2Cu2GaO7", "SG": "Ima2", "PG": "mm2", "Structure-Type": "LnSr2Cu2GaO7", "Tc": "", "Tsc": "Yes", "TM": "Yes", "Subclass": "PM", "Reference (DOI)": "10.1021/cm00017a032"}, {"Material": "YbSr2Cu2GaO7", "SG": "Ima2", "PG": "mm2", "Structure-Type": "LnSr2Cu2GaO7", "Tc": "", "Tsc": "Yes", "TM": "Yes", "Subclass": "PM", "Reference (DOI)": "10.1021/cm00017a032"}, {"Material": "YSr2Cu2GaO7", "SG": "Ima2", "PG": "mm2", "Structure-Type": "LnSr2Cu2GaO7", "Tc": "", "Tsc": "Yes", "TM": "Yes", "Subclass": "PM", "Reference (DOI)": "10.1021/cm00017a032"}, {"Material": "V2Hf", "SG": "Imm2", "PG": "mm2", "Structure-Type": "Laves phase", "Tc": "Yes", "Tsc": "Yes", "TM": "", "Subclass": "DPM", "Reference (DOI)": "10.1103/PhysRevB.17.1136"}, {"Material": "Li2IrSi3", "SG": "P3_1c", "PG": "3m", "Structure-Type": "kagome", "Tc": "", "Tsc": "Yes", "TM": "", "Subclass": "PM", "Reference (DOI)": "10.7566/JPSJ.83.093706"}, {"Material": "Mg2Al3", "SG": "R3m", "PG": "3m", "Structure-Type": "Samson phase", "Tc": "Yes", "Tsc": "Yes", "TM": "", "Subclass": "DPM", "Reference (DOI)": "10.1103/PhysRevB.76.014528"}, {"Material": "La5B2C6", "SG": "P4", "PG": "4", "Structure-Type": "La5B2C6-type", "Tc": "", "Tsc": "Yes", "TM": "", "Subclass": "PM", "Reference (DOI)": "10.1016/0022-5088(83)90520-9"}, {"Material": "BaPtSi3", "SG": "I4mm", "PG": "4mm", "Structure-Type": "BaNiSn3-type", "Tc": "", "Tsc": "Yes", "TM": "", "Subclass": "PM", "Reference (DOI)": "10.1103/PhysRevB.80.064504"}, {"Material": "CeIrSi3", "SG": "I4mm", "PG": "4mm", "Structure-Type": "BaNiSn3-type", "Tc": "", "Tsc": "Yes", "TM": "Yes", "Subclass": "PM", "Reference (DOI)": "10.1143/JPSJS.77SA.37"}, {"Material": "CeRhSi3", "SG": "I4mm", "PG": "4mm", "Structure-Type": "BaNiSn3-type", "Tc": "", "Tsc": "Yes", "TM": "Yes", "Subclass": "PM", "Reference (DOI)": "10.1143/JPSJ.76.051010"}, {"Material": "LaPtSi3", "SG": "I4mm", "PG": "4mm", "Structure-Type": "BaNiSn3-type", "Tc": "", "Tsc": "Yes", "TM": "", "Subclass": "PM", "Reference (DOI)": "10.1103/PhysRevB.89.094509"}, {"Material": "LaPdSi3", "SG": "I4mm", "PG": "4mm", "Structure-Type": "BaNiSn3-type", "Tc": "", "Tsc": "Yes", "TM": "", "Subclass": "PM", "Reference (DOI)": "10.1103/PhysRevB.89.094509"}, {"Material": "CeIrGe3", "SG": "I4mm", "PG": "4mm", "Structure-Type": "BaNiSn3-type", "Tc": "", "Tsc": "Yes", "TM": "Yes", "Subclass": "PM", "Reference (DOI)": "10.1016/j.jmmm.2006.10.151"}, {"Material": "EuNiGe3", "SG": "I4mm", "PG": "4mm", "Structure-Type": "BaNiSn3-type", "Tc": "", "Tsc": "", "TM": "Yes", "Subclass": "PM", "Reference (DOI)": "10.1103/PhysRevB.87.064406"}, {"Material": "LaRhGe3", "SG": "I4mm", "PG": "4mm", "Structure-Type": "BaNiSn3-type", "Tc": "", "Tsc": "", "TM": "", "Subclass": "PM", "Reference (DOI)": "10.1063/5.0042924"}, {"Material": "IrRhGe3", "SG": "I4mm", "PG": "4mm", "Structure-Type": "BaNiSn3-type", "Tc": "", "Tsc": "", "TM": "", "Subclass": "PM", "Reference (DOI)": "10.1063/5.0042924"}, {"Material": "PdRhGe3", "SG": "I4mm", "PG": "4mm", "Structure-Type": "BaNiSn3-type", "Tc": "", "Tsc": "", "TM": "", "Subclass": "PM", "Reference (DOI)": "10.1063/5.0042924"}, {"Material": "SrPdGe3", "SG": "I4mm", "PG": "4mm", "Structure-Type": "BaNiSn3-type", "Tc": "", "Tsc": "Yes", "TM": "", "Subclass": "PM", "Reference (DOI)": "10.1088/1742-6596/273/1/012078"}, {"Material": "SrPtGe3", "SG": "I4mm", "PG": "4mm", "Structure-Type": "BaNiSn3-type", "Tc": "", "Tsc": "Yes", "TM": "", "Subclass": "PM", "Reference (DOI)": "10.1088/1742-6596/273/1/012078"}, {"Material": "PrPdIn2", "SG": "I4mm", "PG": "4mm", "Structure-Type": "HfNiGa2-Type", "Tc": "", "Tsc": "", "TM": "Yes", "Subclass": "PM", "Reference (DOI)": "10.1021/cm031139m"}, {"Material": "CePt3Si", "SG": "I4mm", "PG": "4mm", "Structure-Type": "anti-perovskite", "Tc": "", "Tsc": "Yes", "TM": "Yes", "Subclass": "PM", "Reference (DOI)": "10.1103/PhysRevLett.92.027003"}, {"Material": "Li2(Pd1-xPtx)3B", "SG": "I4mm", "PG": "4mm", "Structure-Type": "Li2(Pd1-xPtx)3B", "Tc": "", "Tsc": "Yes", "TM": "Yes", "Subclass": "PM", "Reference (DOI)": "10.1088/1742-6596/400/2/022096"}, {"Material": "KCu7P3", "SG": "P31m", "PG": "3m", "Structure-Type": "2D", "Tc": "", "Tsc": "", "TM": "", "Subclass": "PM", "Reference (DOI)": "10.1021/acs.inorgchem.9b01336"}, {"Material": "Bi2FeCrO6", "SG": "R3", "PG": "3", "Structure-Type": "perovskite", "Tc": "P", "Tsc": "", "TM": "Yes", "Subclass": "PM", "Reference (DOI)": "10.1103/PhysRevLett.123.107201"}, {"Material": "CeAuGe", "SG": "P6_3mc", "PG": "6mm", "Structure-Type": "AlB2-type", "Tc": "", "Tsc": "", "TM": "Yes", "Subclass": "PM", "Reference (DOI)": "10.1016/0304-8853(95)00430-0"}, {"Material": "LuAuGe", "SG": "P6_3mc", "PG": "6mm", "Structure-Type": "AlB2-type", "Tc": "", "Tsc": "", "TM": "", "Subclass": "PM", "Reference (DOI)": "10.1016/0925-8388(95)02069-1"}, {"Material": "ScAuGe", "SG": "P6_3mc", "PG": "6mm", "Structure-Type": "AlB2-type", "Tc": "", "Tsc": "", "TM": "", "Subclass": "PM", "Reference (DOI)": "10.1016/0925-8388(95)02069-1"}, {"Material": "HoAuGe", "SG": "P6_3mc", "PG": "6mm", "Structure-Type": "NdPtSb-type", "Tc": "", "Tsc": "", "TM": "Yes", "Subclass": "PM", "Reference (DOI)": "10.1088/0953-8984/13/11/315"}, {"Material": "CeCuSn", "SG": "P6_3mc", "PG": "6mm", "Structure-Type": "AlB2-type", "Tc": "", "Tsc": "", "TM": "", "Subclass": "PM", "Reference (DOI)": "10.1016/j.jallcom.2004.09.086"}, {"Material": "La15Ge9C", "SG": "P6_3mc", "PG": "6mm", "Structure-Type": "La15Ge9Fe-type", "Tc": "", "Tsc": "", "TM": "", "Subclass": "PM", "Reference (DOI)": "10.1016/j.jallcom.2011.03.092"}, {"Material": "La15Ge9Fe", "SG": "P6_3mc", "PG": "6mm", "Structure-Type": "Mn5Si3-type", "Tc": "", "Tsc": "", "TM": "Yes", "Subclass": "PM", "Reference (DOI)": "10.1021/ic9515158"}, {"Material": "La15Ge9Co", "SG": "P6_3mc", "PG": "6mm", "Structure-Type": "Mn5Si3-type", "Tc": "", "Tsc": "", "TM": "", "Subclass": "PM", "Reference (DOI)": "10.1021/ic9515158"}, {"Material": "La15Ge9Ni", "SG": "P6_3mc", "PG": "6mm", "Structure-Type": "Mn5Si3-type", "Tc": "", "Tsc": "", "TM": "", "Subclass": "PM", "Reference (DOI)": "10.1021/ic9515158"}, {"Material": "Sr3Cu8Sn4", "SG": "P6_3mc", "PG": "6mm", "Structure-Type": "BaAl4-type", "Tc": "", "Tsc": "", "TM": "", "Subclass": "PM", "Reference (DOI)": "10.1016/j.intermet.2011.02.018"}, {"Material": "IrMg2.03In.97", "SG": "P6_3mc", "PG": "6mm", "Structure-Type": "FeGa3-type", "Tc": "", "Tsc": "", "TM": "", "Subclass": "PM", "Reference (DOI)": "10.1016/j.intermet.2003.12.001"}, {"Material": "IrMg2.20In.80", "SG": "P6_3mc", "PG": "6mm", "Structure-Type": "FeGa3-type", "Tc": "", "Tsc": "", "TM": "", "Subclass": "PM", "Reference (DOI)": "10.1016/j.intermet.2003.12.001"}, {"Material": "CaAlSi", "SG": "P6_3", "PG": "6", "Structure-Type": "MgB2-Type", "Tc": "", "Tsc": "Yes", "TM": "", "Subclass": "PM", "Reference (DOI)": "10.1143/JPSJ.75.043713"}, {"Material": "TlV6S8", "SG": "P6_3", "PG": "6", "Structure-Type": "Nb3Te4-type", "Tc": "", "Tsc": "Yes", "TM": "", "Subclass": "PM", "Reference (DOI)": "10.1016/S0038-1098(01)00333-7"}, {"Material": "KV6S8", "SG": "P6_3", "PG": "6", "Structure-Type": "Nb3Te4-type", "Tc": "", "Tsc": "Yes", "TM": "", "Subclass": "PM", "Reference (DOI)": "10.1016/S0038-1098(01)00333-7"}, {"Material": "RbV6S8", "SG": "P6_3", "PG": "6", "Structure-Type": "Nb3Te4-type", "Tc": "", "Tsc": "Yes", "TM": "", "Subclass": "PM", "Reference (DOI)": "10.1016/S0038-1098(01)00333-7"}, {"Material": "CsV6S8", "SG": "P6_3", "PG": "6", "Structure-Type": "Nb3Te4-type", "Tc": "", "Tsc": "Yes", "TM": "", "Subclass": "PM", "Reference (DOI)": "10.1016/S0038-1098(01)00333-7"}, {"Material": "LaPt3B", "SG": "P4mm", "PG": "4mm", "Structure-Type": "anti-perovskite", "Tc": "", "Tsc": "", "TM": "Yes", "Subclass": "PM", "Reference (DOI)": "10.1016/S0925-8388(03)00373-6"}, {"Material": "PrPt3B", "SG": "P4mm", "PG": "4mm", "Structure-Type": "anti-perovskite", "Tc": "", "Tsc": "", "TM": "Yes", "Subclass": "PM", "Reference (DOI)": "10.1016/S0925-8388(03)00373-6"}, {"Material": "NdPt3B", "SG": "P4mm", "PG": "4mm", "Structure-Type": "anti-perovskite", "Tc": "", "Tsc": "", "TM": "Yes", "Subclass": "PM", "Reference (DOI)": "10.1016/S0925-8388(03)00373-6"}, {"Material": "LaRhSi3", "SG": "I4mm", "PG": "4mm", "Structure-Type": "BaNiSn3-type", "Tc": "", "Tsc": "Yes", "TM": "", "Subclass": "PM", "Reference (DOI)": "10.1016/0025-5408(84)90017-5"}, {"Material": "LaIrSi3", "SG": "I4mm", "PG": "4mm", "Structure-Type": "BaNiSn3-type", "Tc": "", "Tsc": "Yes", "TM": "", "Subclass": "PM", "Reference (DOI)": "10.1016/0025-5408(84)90017-5"}, {"Material": "CeCoGe3", "SG": "I4mm", "PG": "4mm", "Structure-Type": "BaNiSn3-type", "Tc": "", "Tsc": "Yes", "TM": "Yes", "Subclass": "PM", "Reference (DOI)": "10.1016/j.jmmm.2006.10.717"}, {"Material": "LaCoGe3", "SG": "I4mm", "PG": "4mm", "Structure-Type": "BaNiSn3-type", "Tc": "", "Tsc": "", "TM": "Yes", "Subclass": "PM", "Reference (DOI)": "10.1143/JPSJ.75.044711"}, {"Material": "CeRhGe3", "SG": "I4mm", "PG": "4mm", "Structure-Type": "BaNiSn3-type", "Tc": "", "Tsc": "Yes", "TM": "Yes", "Subclass": "PM", "Reference (DOI)": "10.1143/JPSJ.77.064716"}, {"Material": "CeRuSi3", "SG": "I4mm", "PG": "4mm", "Structure-Type": "BaNiSn3-type", "Tc": "", "Tsc": "", "TM": "", "Subclass": "PM", "Reference (DOI)": "10.1143/JPSJ.77.064716"}, {"Material": "LaIrGe3", "SG": "I4mm", "PG": "4mm", "Structure-Type": "BaNiSn3-type", "Tc": "", "Tsc": "", "TM": "", "Subclass": "PM", "Reference (DOI)": "10.1143/JPSJ.77.064717"}, {"Material": "LaFeGe3", "SG": "I4mm", "PG": "4mm", "Structure-Type": "BaNiSn3-type", "Tc": "", "Tsc": "", "TM": "", "Subclass": "PM", "Reference (DOI)": "10.1143/JPSJ.77.064717"}, {"Material": "PrCoGe3", "SG": "I4mm", "PG": "4mm", "Structure-Type": "BaNiSn3-type", "Tc": "", "Tsc": "", "TM": "", "Subclass": "PM", "Reference (DOI)": "10.1143/JPSJ.77.064717"}, {"Material": "CaIrSi3", "SG": "I4mm", "PG": "4mm", "Structure-Type": "BaNiSn3-type", "Tc": "", "Tsc": "Yes", "TM": "", "Subclass": "PM", "Reference (DOI)": "10.1016/j.physc.2009.10.120"}, {"Material": "CaPtSi3", "SG": "I4mm", "PG": "4mm", "Structure-Type": "BaNiSn3-type", "Tc": "", "Tsc": "Yes", "TM": "", "Subclass": "PM", "Reference (DOI)": "10.1134/S0021364010170157"}, {"Material": "SrAuSi3", "SG": "I4mm", "PG": "4mm", "Structure-Type": "BaNiSn3-type", "Tc": "", "Tsc": "Yes", "TM": "", "Subclass": "PM", "Reference (DOI)": "10.1021/cm500032u"}, {"Material": "EuPdGe3", "SG": "I4mm", "PG": "4mm", "Structure-Type": "BaNiSn3-type", "Tc": "", "Tsc": "", "TM": "Yes", "Subclass": "PM", "Reference (DOI)": "10.1016/j.ssc.2012.02.022"}, {"Material": "EuPtSi3", "SG": "I4mm", "PG": "4mm", "Structure-Type": "anti-perovskite", "Tc": "", "Tsc": "", "TM": "Yes", "Subclass": "PM", "Reference (DOI)": "10.1103/PhysRevB.81.144414"}, {"Material": "NdPdIn2", "SG": "I4mm", "PG": "4mm", "Structure-Type": "HfNiGa2-Type", "Tc": "", "Tsc": "", "TM": "", "Subclass": "PM", "Reference (DOI)": "10.1021/cm031139m"}, {"Material": "SmPdIn2", "SG": "I4mm", "PG": "4mm", "Structure-Type": "HfNiGa2-Type", "Tc": "", "Tsc": "", "TM": "", "Subclass": "PM", "Reference (DOI)": "10.1021/cm031139m"}, {"Material": "GdPdIn2", "SG": "I4mm", "PG": "4mm", "Structure-Type": "HfNiGa2-Type", "Tc": "", "Tsc": "", "TM": "", "Subclass": "PM", "Reference (DOI)": "10.1021/cm031139m"}, {"Material": "ErPdIn2", "SG": "I4mm", "PG": "4mm", "Structure-Type": "HfNiGa2-Type", "Tc": "", "Tsc": "", "TM": "", "Subclass": "PM", "Reference (DOI)": "10.1021/cm031139m"}, {"Material": "TmPdIn2", "SG": "I4mm", "PG": "4mm", "Structure-Type": "HfNiGa2-Type", "Tc": "", "Tsc": "", "TM": "", "Subclass": "PM", "Reference (DOI)": "10.1021/cm031139m"}, {"Material": "LuPdIn2", "SG": "I4mm", "PG": "4mm", "Structure-Type": "HfNiGa2-Type", "Tc": "", "Tsc": "", "TM": "", "Subclass": "PM", "Reference (DOI)": "10.1021/cm031139m"}, {"Material": "La2NiAl7", "SG": "I4mm", "PG": "4mm", "Structure-Type": "BaAl4-type", "Tc": "", "Tsc": "", "TM": "", "Subclass": "PM", "Reference (DOI)": "10.1021/cm050513a"}, {"Material": "GeP", "SG": "I4mm", "PG": "4mm", "Structure-Type": "rock salt", "Tc": "", "Tsc": "Yes", "TM": "", "Subclass": "PM", "Reference (DOI)": "10.1016/0022-4596(70)90005-8"}, {"Material": "Ir9Al28", "SG": "P3_1c", "PG": "3m", "Structure-Type": "Ir9Al28-type", "Tc": "", "Tsc": "", "TM": "", "Subclass": "PM", "Reference (DOI)": "10.1016/j.jallcom.2005.06.027"}, {"Material": "\u03b3-Bi2Pt", "SG": "P3_1m", "PG": "3m", "Structure-Type": "\u03b3-Bi2Pt", "Tc": "", "Tsc": "", "TM": "", "Subclass": "PM", "Reference (DOI)": "10.1002/zaac.201400331"}, {"Material": "Au6.05Zn12.51", "SG": "P3_1m", "PG": "3m", "Structure-Type": "\u03b3-brass", "Tc": "", "Tsc": "", "TM": "", "Subclass": "PM", "Reference (DOI)": "10.1021/ic301933a"}, {"Material": "Ba21Al40", "SG": "P3_1m", "PG": "3m", "Structure-Type": "kagome-derived", "Tc": "", "Tsc": "", "TM": "", "Subclass": "PM", "Reference (DOI)": "10.1021/ic0400235"}, {"Material": "Li17Ag3Sn6", "SG": "P3_1m", "PG": "3m", "Structure-Type": "kagome-derived", "Tc": "", "Tsc": "", "TM": "", "Subclass": "PM", "Reference (DOI)": "10.1021/ja038868n"}, {"Material": "Cr5Al8", "SG": "R3m", "PG": "3m", "Structure-Type": "\u03b3-brass", "Tc": "", "Tsc": "", "TM": "", "Subclass": "PM", "Reference (DOI)": "10.1107/S0567740874004997"}, {"Material": "Mn5Al8", "SG": "R3m", "PG": "3m", "Structure-Type": "Cr5Al8-type", "Tc": "Yes", "Tsc": "", "TM": "", "Subclass": "DPM", "Reference (DOI)": "10.1007/BF02672582"}, {"Material": "Cu7.8Al5", "SG": "R3m", "PG": "3m", "Structure-Type": "\u03b3-brass", "Tc": "", "Tsc": "", "TM": "", "Subclass": "PM", "Reference (DOI)": "10.1107/S0108768191005694"}, {"Material": "Cu7Hg6", "SG": "R3m", "PG": "3m", "Structure-Type": "\u03b3-brass", "Tc": "", "Tsc": "", "TM": "", "Subclass": "PM", "Reference (DOI)": "10.3891/acta.chem.scand.23-1181"}, {"Material": "NbS2", "SG": "R3m", "PG": "3m", "Structure-Type": "NbS2-type", "Tc": "", "Tsc": "Yes", "TM": "", "Subclass": "PM", "Reference (DOI)": "10.1107/S0567740874003220"}, {"Material": "Pr2Fe17", "SG": "R3m", "PG": "3m", "Structure-Type": "Th2Zn17-type", "Tc": "", "Tsc": "", "TM": "Yes", "Subclass": "PM", "Reference (DOI)": "10.1103/PhysRevB.68.054424"}, {"Material": "Pr2Co17", "SG": "R3m", "PG": "3m", "Structure-Type": "Th2Zn17-type", "Tc": "", "Tsc": "", "TM": "", "Subclass": "PM", "Reference (DOI)": "10.1103/PhysRevB.68.054424"}, {"Material": "Sn4As3", "SG": "R3m", "PG": "3m", "Structure-Type": "Sn4As3-type", "Tc": "", "Tsc": "Yes", "TM": "", "Subclass": "PM", "Reference (DOI)": "10.1002/zaac.19683630102"}, {"Material": "Sn4P3", "SG": "R3m", "PG": "3m", "Structure-Type": "Sn4As3-type", "Tc": "", "Tsc": "Yes", "TM": "", "Subclass": "PM", "Reference (DOI)": "10.1002/zaac.19683630102"}, {"Material": "La4Mg5Ge6", "SG": "Cmc2_1", "PG": "mm2", "Structure-Type": "Zintl", "Tc": "", "Tsc": "", "TM": "", "Subclass": "PM", "Reference (DOI)": "10.1021/ic2014732"}, {"Material": "La4Mg7Ge6", "SG": "Cmc2_1", "PG": "mm2", "Structure-Type": "Zintl", "Tc": "", "Tsc": "", "TM": "", "Subclass": "PM", "Reference (DOI)": "10.1021/ic2014732"}, {"Material": "Yb2Ga4Ge6", "SG": "Cmc2_1", "PG": "mm2", "Structure-Type": "Zintl", "Tc": "", "Tsc": "", "TM": "", "Subclass": "PM", "Reference (DOI)": "10.1002/chem.200305755"}, {"Material": "Ce2Rh3(Pb,Bi)5", "SG": "Cmc2_1", "PG": "mm2", "Structure-Type": "Y2Rh3Sn5-type", "Tc": "", "Tsc": "", "TM": "Yes", "Subclass": "PM", "Reference (DOI)": "10.1016/j.jssc.2007.06.012"}, {"Material": "Eu2Pt3Sn5", "SG": "Cmc2_1", "PG": "mm2", "Structure-Type": "Y2Rh3Sn5-type", "Tc": "", "Tsc": "", "TM": "Yes", "Subclass": "PM", "Reference (DOI)": "10.1524/zkri.2009.1160"}, {"Material": "Lu4Zn5Ge6", "SG": "Cmc2_1", "PG": "mm2", "Structure-Type": "Lu4Zn5Ge6-type", "Tc": "", "Tsc": "", "TM": "", "Subclass": "PM", "Reference (DOI)": "10.1016/j.intermet.2013.02.018"}, {"Material": "Hg3Te2Br2", "SG": "R3", "PG": "3", "Structure-Type": "defect antiperovskite", "Tc": "Yes", "Tsc": "", "TM": "", "Subclass": "PM", "Reference (DOI)": "10.1038/s41467-021-21836-7"}, {"Material": "In2S3", "SG": "R3m", "PG": "3m", "Structure-Type": "2D, alpha-In2Se3", "Tc": "P", "Tsc": "", "TM": "", "Subclass": "APM", "Reference (DOI)": "10.1039/D1MH01556G"}, {"Material": "In2Se3", "SG": "R3m", "PG": "3m", "Structure-Type": "2D, alpha-In2Se3", "Tc": "P", "Tsc": "", "TM": "", "Subclass": "APM", "Reference (DOI)": "10.1039/D1MH01556G"}, {"Material": "In2Te3", "SG": "R3m", "PG": "3m", "Structure-Type": "2D, alpha-In2Se3", "Tc": "P", "Tsc": "", "TM": "", "Subclass": "APM", "Reference (DOI)": "10.1039/D1MH01556G"}, {"Material": "NaYMnReO3", "SG": "P2_1", "PG": "2", "Structure-Type": "double perovskite", "Tc": "P", "Tsc": "", "TM": "Yes", "Subclass": "PM", "Reference (DOI)": "10.1021/acs.chemmater.0c02976"}, {"Material": "NaYFeReO3", "SG": "P2_1", "PG": "2", "Structure-Type": "double perovskite", "Tc": "P", "Tsc": "", "TM": "Yes", "Subclass": "PM", "Reference (DOI)": "10.1021/acs.chemmater.0c02976"}, {"Material": "NaYCoReO3", "SG": "P2_1", "PG": "2", "Structure-Type": "double perovskite", "Tc": "P", "Tsc": "", "TM": "Yes", "Subclass": "PM", "Reference (DOI)": "10.1021/acs.chemmater.0c02976"}, {"Material": "NaYNiReO3", "SG": "P2_1", "PG": "2", "Structure-Type": "double perovskite", "Tc": "P", "Tsc": "", "TM": "Yes", "Subclass": "PM", "Reference (DOI)": "10.1021/acs.chemmater.0c02976"}, {"Material": "NaYMnOsO3", "SG": "P2_1", "PG": "2", "Structure-Type": "double perovskite", "Tc": "P", "Tsc": "", "TM": "Yes", "Subclass": "PM", "Reference (DOI)": "10.1021/acs.chemmater.0c02976"}, {"Material": "NaYCoOsO3", "SG": "P2_1", "PG": "2", "Structure-Type": "double perovskite", "Tc": "P", "Tsc": "", "TM": "Yes", "Subclass": "PM", "Reference (DOI)": "10.1021/acs.chemmater.0c02976"}, {"Material": "NaYNiOsO3", "SG": "P2_1", "PG": "2", "Structure-Type": "double perovskite", "Tc": "P", "Tsc": "", "TM": "Yes", "Subclass": "PM", "Reference (DOI)": "10.1021/acs.chemmater.0c02976"}, {"Material": "NaYFeWO3", "SG": "P2_1", "PG": "2", "Structure-Type": "double perovskite", "Tc": "P", "Tsc": "", "TM": "Yes", "Subclass": "PM", "Reference (DOI)": "10.1021/acs.chemmater.0c02976"}, {"Material": "YAl2", "SG": "P6mm", "PG": "6mm", "Structure-Type": "2D", "Tc": "P", "Tsc": "", "TM": "", "Subclass": "APM", "Reference (DOI)": "10.1021/acs.jpclett.0c03136"}, {"Material": "CaRh2", "SG": "P6mm", "PG": "6mm", "Structure-Type": "2D", "Tc": "P", "Tsc": "", "TM": "", "Subclass": "APM", "Reference (DOI)": "10.1021/acs.jpclett.0c03136"}, {"Material": "doped SiGe", "SG": "P3m1", "PG": "3m", "Structure-Type": "2D, PbTe-type", "Tc": "P", "Tsc": "", "TM": "", "Subclass": "APM", "Reference (DOI)": "10.1088/1361-648X/abdce9/pdf"}, {"Material": "doped SiSn", "SG": "P3m1", "PG": "3m", "Structure-Type": "2D, PbTe-type", "Tc": "P", "Tsc": "", "TM": "", "Subclass": "APM", "Reference (DOI)": "10.1088/1361-648X/abdce9/pdf"}, {"Material": "doped GeSn", "SG": "P3m1", "PG": "3m", "Structure-Type": "2D, PbTe-type", "Tc": "P", "Tsc": "", "TM": "", "Subclass": "APM", "Reference (DOI)": "10.1088/1361-648X/abdce9/pdf"}, {"Material": "KNbO3/BaTiO3", "SG": "P4mm", "PG": "4mm", "Structure-Type": "perovskite", "Tc": "P", "Tsc": "", "TM": "Yes", "Subclass": "APM", "Reference (DOI)": "10.1016/j.commatsci.2020.110235"}, {"Material": "(SrRuO3)1/(BaTiO3)10", "SG": "mm2*", "PG": "mm2", "Structure-Type": "perovskite", "Tc": "", "Tsc": "", "TM": "Yes", "Subclass": "APM", "Reference (DOI)": "10.1021/acs.nanolett.0c03417"}, {"Material": "strained\u00a0EuTiO3\u2212xHx", "SG": "Pmm2", "PG": "mm2", "Structure-Type": "perovskite", "Tc": "P", "Tsc": "", "TM": "Yes", "Subclass": "EPM", "Reference (DOI)": "10.1103/PhysRevB.102.224102"}, {"Material": "KTiO2H", "SG": "unknown", "PG": "unknown", "Structure-Type": "perovskite", "Tc": "P", "Tsc": "Yes", "TM": "", "Subclass": "DDF", "Reference (DOI)": "10.1103/PhysRevMaterials.5.054802"}, {"Material": "RbTiO2H", "SG": "unknown", "PG": "unknown", "Structure-Type": "perovskite", "Tc": "P", "Tsc": "Yes", "TM": "", "Subclass": "DDF", "Reference (DOI)": "10.1103/PhysRevMaterials.5.054802"}, {"Material": "CsTiO2H", "SG": "unknown", "PG": "unknown", "Structure-Type": "perovskite", "Tc": "P", "Tsc": "Yes", "TM": "", "Subclass": "DDF", "Reference (DOI)": "10.1103/PhysRevMaterials.5.054802"}, {"Material": "doped PbZrO3", "SG": "unknown", "PG": "unknown", "Structure-Type": "perovskite", "Tc": "P", "Tsc": "", "TM": "", "Subclass": "DDF", "Reference (DOI)": "10.1103/PhysRevB.102.134118"}, {"Material": "LaFeAsO1-xHx", "SG": "mm2*", "PG": "mm2", "Structure-Type": "LaFeAsO1-xHx-type", "Tc": "", "Tsc": "Yes", "TM": "Yes", "Subclass": "PM", "Reference (DOI)": "10.21203/rs.3.rs-77544/v1"}, {"Material": "Pb2CoOsO6", "SG": "Pc", "PG": "m", "Structure-Type": "double perovskite", "Tc": "P", "Tsc": "", "TM": "Yes", "Subclass": "DPM", "Reference (DOI)": "10.1103/PhysRevB.102.144418"}, {"Material": "PrAlGe", "SG": "I4_1md", "PG": "4mm", "Structure-Type": "PrAlGe-type", "Tc": "", "Tsc": "", "TM": "Yes", "Subclass": "PM", "Reference (DOI)": "10.1038/s41467-020-16879-1"}, {"Material": "PbTe monolayer (doped)", "SG": "P3m1", "PG": "3m", "Structure-Type": "2D, PbTe-type", "Tc": "P", "Tsc": "", "TM": "", "Subclass": "EPM, APM", "Reference (DOI)": "10.1039/d0nh00188k"}, {"Material": "en-CoS", "SG": "Pca2_1", "PG": "mm2", "Structure-Type": "Intercalated TTMC", "Tc": "", "Tsc": "", "TM": "Yes", "Subclass": "PM", "Reference (DOI)": "10.1021/acs.chemmater.1c00540"}, {"Material": "Eu(Ti0.875Nb0.125)3", "SG": "P4mm", "PG": "4mm", "Structure-Type": "perovskite", "Tc": "P", "Tsc": "Yes", "TM": "Yes", "Subclass": "EPM", "Reference (DOI)": "10.48550/arXiv.2203.10646"}, {"Material": "Bi5Mn5O17", "SG": "Pmn2_1/Pm2_1n", "PG": "mm2", "Structure-Type": "layered perovskite", "Tc": "P", "Tsc": "Yes", "TM": "Yes", "Subclass": "APM", "Reference (DOI)": "10.1038/s41467-020-18664-6"}, {"Material": "2D In", "SG": "3m*", "PG": "3m", "Structure-Type": "2-D polar metal heterostructures", "Tc": "", "Tsc": "", "TM": "", "Subclass": "PM", "Reference (DOI)": "10.1021/acsnano.1c05944"}, {"Material": "2D Ga", "SG": "3m*", "PG": "3m", "Structure-Type": "2-D polar metal heterostructures", "Tc": "", "Tsc": "", "TM": "", "Subclass": "PM", "Reference (DOI)": "10.1021/acsnano.1c05944"}, {"Material": "2D In/Ga", "SG": "3m*", "PG": "3m", "Structure-Type": "2-D polar metal heterostructures", "Tc": "", "Tsc": "", "TM": "", "Subclass": "PM", "Reference (DOI)": "10.1021/acsnano.1c05944"}, {"Material": "(Fe0.5Co0.5)5GeTe2", "SG": "P6_3mc", "PG": "6mm", "Structure-Type": "wurtzite", "Tc": "", "Tsc": "", "TM": "Yes", "Subclass": "PM", "Reference (DOI)": "10.1126/sciadv.abm7103"}, {"Material": "GdCaMnNiO6", "SG": "P2_1", "PG": "2", "Structure-Type": "double perovskite", "Tc": "P", "Tsc": "Yes", "TM": "", "Subclass": "PM", "Reference (DOI)": "10.2139/ssrn.4147202"}, {"Material": "LaCaMnNiO6", "SG": "P2_1", "PG": "2", "Structure-Type": "double perovskite", "Tc": "P", "Tsc": "Yes", "TM": "", "Subclass": "PM", "Reference (DOI)": "10.2139/ssrn.4147202"}, {"Material": "SmCaMnNiO6", "SG": "P2_1", "PG": "2", "Structure-Type": "double perovskite", "Tc": "P", "Tsc": "Yes", "TM": "", "Subclass": "PM", "Reference (DOI)": "10.2139/ssrn.4147202"}, {"Material": "TmCaMnNiO6", "SG": "P2_1", "PG": "2", "Structure-Type": "double perovskite", "Tc": "P", "Tsc": "Yes", "TM": "", "Subclass": "PM", "Reference (DOI)": "10.2139/ssrn.4147202"}, {"Material": "SrTiO3-based 2DEGs", "SG": "unknown", "PG": "unknown", "Structure-Type": "perovskite", "Tc": "Yes", "Tsc": "Yes", "TM": "Yes", "Subclass": "IPM, APM, DPM", "Reference (DOI)": "10.1002/adma.201200667\n10.1103/PhysRevMaterials.4.041002\n10.1038/s41586-020-2197-9"}, {"Material": "Doped GeTe", "SG": "R3m", "PG": "3m", "Structure-Type": "halite", "Tc": "Yes", "Tsc": "Yes", "TM": "Yes", "Subclass": "DPM, APM", "Reference (DOI)": "10.1038/ncomms15033\n10.1103/PhysRevLett.112.047202"}, {"Material": "LaAlO3/EuTiO3/Ca:SrTiO3", "SG": "unknown", "PG": "unknown", "Structure-Type": "perovskite", "Tc": "Yes", "Tsc": "", "TM": "yes", "Subclass": "IPM, APM, MEMF", "Reference (DOI)": "10.1038/s41567-023-01983-y"}]